,consumers,kafka_config,kafka_time,rabbitmq_time
0,1,default,1176.629213483146,646.2921348314607
1,1,lowlatency,934.9222222222222,646.2921348314607
2,2,lowlatency,928.7111111111111,654.0
3,2,default,1139.3444444444444,654.0
4,1,default,1176.629213483146,646.2921348314607
5,2,default,1139.3444444444444,654.0
